<AVRPART>  
  <ADMIN>
    <PART_NAME>AT89S51</PART_NAME>
    <SPEED>4MHZ</SPEED>
    <SIGNATURE>
      <ADDR000>0x1E</ADDR000>
      <ADDR001>0x51</ADDR001>
      <ADDR002>0x06</ADDR002>
    </SIGNATURE>  
  </ADMIN>
  <PROGRAMMING>
    <PRGISP>  
        <ZIF_NO>2</ZIF_NO>   
    </PRGISP>
    <PRGHV>
        <ZIF_NO>5</ZIF_NO>   
    </PRGHV>
    <TYPE>1</TYPE> 
    <SUBCLASS>0</SUBCLASS> 
    <PROG_FLASH>4096</PROG_FLASH>
    <FlashPageSize>0</FlashPageSize>
    <WD_Flash>9</WD_Flash>
    <WD_EEPROM>15</WD_EEPROM>
    <WD_ERASE>100</WD_ERASE>
    <WD_FUSE>9</WD_FUSE>
    <WD_LOCK>9</WD_LOCK>
    <WD_RESET>100</WD_RESET> 
    <LockRCMD>0x24000000</LockRCMD>    
    <LockRPos>3</LockRPos>    
    <LockWCMD>0xace30000</LockWCMD>    
    <LockWPos>1</LockWPos>  
  </PROGRAMMING>
  <LOCKBIT>
    <ICON/>
    <ID/>
    <TEXT>[B1=0 :  B2=0] No memory lock features enabled. [B1 = 0 :  B2 = 1] Further programming enabled. [B1 = 1 :  B2 = 0] Same as previous, but verify is also disabled. [B1 = 1 :  B2 = 1] Same as previous, but external execution is also disabled</TEXT>
    <NMB_TEXT>4</NMB_TEXT>
    <NMB_LOCK_BITS>2</NMB_LOCK_BITS>
    <TEXT1>
      <MASK>0x03</MASK>
      <VALUE>0x00</VALUE>
      <TEXT>Mode 1: No program lock features enabled. [LB123 = 000]</TEXT>
    </TEXT1>
    <TEXT2>
      <MASK>0x03</MASK>
      <VALUE>0x01</VALUE>
      <TEXT>Mode 2: Further programming disabled.[LB123 = 100]</TEXT>
    </TEXT2>
    <TEXT3>
      <MASK>0x03</MASK>
      <VALUE>0x02</VALUE>
      <TEXT>Mode 3: Further programming and verification disabled. [LB123 = 110]</TEXT>
    </TEXT3>
	<TEXT4>
      <MASK>0x03</MASK>
      <VALUE>0x03</VALUE>
      <TEXT>Mode 4: Further programming, verification and external execution disabled. [LB123 = 111]</TEXT>
    </TEXT4>
    <LOCKBIT0>
      <NAME>B2</NAME>
      <TEXT>Lockbit</TEXT>
    </LOCKBIT0>
    <LOCKBIT1>
      <NAME>B1</NAME>
      <TEXT>Lockbit</TEXT>
    </LOCKBIT1>

  </LOCKBIT>  
</AVRPART>  