<AVRPART>
  <ADMIN>
    <PART_NAME>ATtiny15</PART_NAME>
    <SPEED>16MHZ</SPEED>
    <SIGNATURE>
      <ADDR000>0x1E</ADDR000>
      <ADDR001>0x90</ADDR001>
      <ADDR002>0x06</ADDR002>
    </SIGNATURE> 
  </ADMIN>
  <PROGRAMMING>
    <ISPInterface>
      <FuseWarning>0,0x20,0x20,WARNING! These fuse settings will disable the ISP interface!</FuseWarning>
      <FuseWarning>0,0x10,0x00,WARNING! Disabling external reset will make the ISP interface inaccessible!</FuseWarning>
    </ISPInterface>
    <HVInterface>
      <FuseWarning>0,0x20,0x20,WARNING! These fuse settings will disable the ISP interface!</FuseWarning>
      <FuseWarning>0,0x10,0x00,WARNING! Disabling external reset will make the ISP interface inaccessible!</FuseWarning>
    </HVInterface> 
    <PRGISP>  
        <ZIF_NO>2</ZIF_NO>   
    </PRGISP>
    <PRGHV>
        <ZIF_NO>5</ZIF_NO>   
    </PRGHV>
    <TYPE>1</TYPE> 
    <SUBCLASS>4</SUBCLASS> 
    <OscCal>
      <OCEntry>0x00,1.6 MHz</OCEntry>
    </OscCal>
    <PROG_FLASH>1024</PROG_FLASH>
    <EEPROM>64</EEPROM>    
    <FlashPageSize>0</FlashPageSize>
    <EepromPageSize>0</EepromPageSize>
    <WD_Flash>9</WD_Flash>
    <WD_EEPROM>15</WD_EEPROM>
    <WD_ERASE>50</WD_ERASE>
    <WD_FUSE>9</WD_FUSE>
    <WD_LOCK>9</WD_LOCK>
    <WD_RESET>100</WD_RESET> 
    <FuseRCMD0>0x58000000</FuseRCMD0>     
    <FuseRPos>3</FuseRPos>    
    <FuseWCMD0>0xac000000</FuseWCMD0>     
    <FuseWPos>1</FuseWPos>    
    <LockRCMD>0x58000000</LockRCMD>    
    <LockRPos>3</LockRPos>    
    <LockWCMD>0xac000000</LockWCMD>    
    <LockWPos>1</LockWPos>  
    <fusevalue>0x5c</fusevalue>  
    <FuseMask>0xff</FuseMask>        
  </PROGRAMMING>
	<FUSE>
		<LOW>
			<NMB_TEXT>9</NMB_TEXT>
			<NMB_FUSE_BITS>6</NMB_FUSE_BITS>
			<TEXT1>
				<MASK>0x80</MASK>
				<VALUE>0x80</VALUE>
				<TEXT>Brown-out detection level at VCC=2.7 V</TEXT>
			</TEXT1>
			<TEXT2>
				<MASK>0x80</MASK>
				<VALUE>0x00</VALUE>
				<TEXT>Brown-out detection level at VCC=4.0 V</TEXT>
			</TEXT2>
			<TEXT3>
				<MASK>0x40</MASK>
				<VALUE>0x00</VALUE>
				<TEXT>Brown-out detection enabled</TEXT>
			</TEXT3>
			<TEXT4>
				<MASK>0x20</MASK>
				<VALUE>0x00</VALUE>
				<TEXT>Serial program downloading (SPI) enabled</TEXT>
			</TEXT4>
			<TEXT5>
				<MASK>0x10</MASK>
				<VALUE>0x00</VALUE>
				<TEXT>External reset function of PB5 disabled</TEXT>
			</TEXT5>
			<TEXT6>
				<MASK>0x03</MASK>
				<VALUE>0x03</VALUE>
				<TEXT>CKSEL=11 Very quickly rising power</TEXT>
			</TEXT6>
			<TEXT7>
				<MASK>0x03</MASK>
				<VALUE>0x02</VALUE>
				<TEXT>CKSEL=10 Quickly rising power</TEXT>
			</TEXT7>
			<TEXT8>
				<MASK>0x03</MASK>
				<VALUE>0x01</VALUE>
				<TEXT>CKSEL=01 Slowly rising power</TEXT>
			</TEXT8>
			<TEXT9>
				<MASK>0x03</MASK>
				<VALUE>0x00</VALUE>
				<TEXT>CKSEL=00 Slowly rising power</TEXT>
			</TEXT9>
			<FUSE0>
				<NAME>CKSEL0</NAME>
				<DEFAULT>0</DEFAULT>
			</FUSE0>
			<FUSE1>
				<NAME>CKSEL1</NAME>
				<DEFAULT>0</DEFAULT>
			</FUSE1>						
			<FUSE4>
				<NAME>RSTDISBL</NAME>
				<DEFAULT>1</DEFAULT>
			</FUSE4>
			<FUSE5>
				<NAME>SPIEN</NAME>
				<DEFAULT>0</DEFAULT>
			</FUSE5>						
			<FUSE6>
				<NAME>BODEN</NAME>
				<DEFAULT>1</DEFAULT>
			</FUSE6>
			<FUSE7>
				<NAME>BODLEVEL</NAME>
				<DEFAULT>0</DEFAULT>
			</FUSE7>									
		</LOW>
	</FUSE>
	<LOCKBIT>
		<TEXT>[LB1 = 1 :  LB2 = 1] No memory lock features enabled. [LB1 = 0 :  LB2 = 1] Further programming of Flash and EEPROM is enabled. [LB1 = 0 :  LB2 = 0] Same as previous, but verify is also disabled</TEXT>
		<NMB_TEXT>3</NMB_TEXT>
		<NMB_LOCK_BITS>2</NMB_LOCK_BITS>
		<TEXT1>
			<MASK>0x06</MASK>
			<VALUE>0x06</VALUE>
			<TEXT>Mode 1: No memory lock features enabled</TEXT>
		</TEXT1>
		<TEXT2>
			<MASK>0x06</MASK>
			<VALUE>0x04</VALUE>
			<TEXT>Mode 2: Further programming disabled</TEXT>
		</TEXT2>
		<TEXT3>
			<MASK>0x06</MASK>
			<VALUE>0x00</VALUE>
			<TEXT>Mode 3: Further programming and verification disabled</TEXT>
		</TEXT3>
		<LOCKBIT1>
			<NAME>LB1</NAME>
			<TEXT>Lockbit</TEXT>
		</LOCKBIT1>
		<LOCKBIT2>
			<NAME>LB2</NAME>
			<TEXT>Lockbit</TEXT>
		</LOCKBIT2>
	</LOCKBIT>
	
</AVRPART>
